Parasite.treatment,Compound.name,Concentration,Rep,Number,End_time,Dead
Parasite,Carvacrol,High,1,1,1,1
Parasite,Carvacrol,High,1,2,1,1
Parasite,Carvacrol,High,1,3,1,1
Parasite,Carvacrol,High,1,4,2,1
Parasite,Carvacrol,High,1,5,8,1
Parasite,Carvacrol,High,1,6,8,1
Parasite,Carvacrol,High,1,7,8,1
Parasite,Carvacrol,High,1,8,8,1
Parasite,Carvacrol,High,1,9,8,1
Parasite,Carvacrol,High,1,10,8,1
Parasite,Carvacrol,High,1,11,8,1
Parasite,Carvacrol,High,1,12,8,1
Parasite,Carvacrol,High,1,13,10,1
Parasite,Carvacrol,High,1,14,11,1
Parasite,Carvacrol,High,2,1,1,1
Parasite,Carvacrol,High,2,2,1,1
Parasite,Carvacrol,High,2,3,1,1
Parasite,Carvacrol,High,2,4,1,1
Parasite,Carvacrol,High,2,5,1,1
Parasite,Carvacrol,High,2,6,1,1
Parasite,Carvacrol,High,2,7,1,1
Parasite,Carvacrol,High,2,8,1,1
Parasite,Carvacrol,High,2,9,1,1
Parasite,Carvacrol,High,2,10,1,1
Parasite,Carvacrol,High,2,11,1,1
Parasite,Carvacrol,High,2,12,7,1
Parasite,Carvacrol,High,2,13,8,1
Parasite,Carvacrol,High,2,14,8,1
Parasite,Carvacrol,High,3,1,2,1
Parasite,Carvacrol,High,3,2,2,1
Parasite,Carvacrol,High,3,3,2,1
Parasite,Carvacrol,High,3,4,2,1
Parasite,Carvacrol,High,3,5,2,1
Parasite,Carvacrol,High,3,6,2,1
Parasite,Carvacrol,High,3,7,6,1
Parasite,Carvacrol,High,3,8,8,1
Parasite,Carvacrol,High,3,9,8,1
Parasite,Carvacrol,High,3,10,8,1
Parasite,Carvacrol,High,3,11,8,1
Parasite,Carvacrol,High,3,12,8,1
Parasite,Carvacrol,High,3,13,8,1
Parasite,Carvacrol,High,3,14,8,1
Parasite,Carvacrol,High,4,1,2,1
Parasite,Carvacrol,High,4,2,2,1
Parasite,Carvacrol,High,4,3,7,1
Parasite,Carvacrol,High,4,4,7,1
Parasite,Carvacrol,High,4,5,8,1
Parasite,Carvacrol,High,4,6,8,1
Parasite,Carvacrol,High,4,7,8,1
Parasite,Carvacrol,High,4,8,8,1
Parasite,Carvacrol,High,4,9,8,1
Parasite,Carvacrol,High,4,10,8,1
Parasite,Carvacrol,High,4,11,8,1
Parasite,Carvacrol,High,4,12,8,1
Parasite,Carvacrol,High,4,13,12,1
Parasite,Carvacrol,High,4,14,12,1
Parasite,Carvacrol,High,5,1,1,1
Parasite,Carvacrol,High,5,2,1,1
Parasite,Carvacrol,High,5,3,1,1
Parasite,Carvacrol,High,5,4,1,1
Parasite,Carvacrol,High,5,5,2,1
Parasite,Carvacrol,High,5,6,8,1
Parasite,Carvacrol,High,5,7,8,1
Parasite,Carvacrol,High,5,8,8,1
Parasite,Carvacrol,High,5,9,8,1
Parasite,Carvacrol,High,5,10,8,1
Parasite,Carvacrol,High,5,11,8,1
Parasite,Carvacrol,High,5,12,8,1
Parasite,Carvacrol,High,5,13,8,1
Parasite,Carvacrol,High,5,14,11,0
Parasite,Carvacrol,High,6,1,1,1
Parasite,Carvacrol,High,6,2,1,1
Parasite,Carvacrol,High,6,3,1,1
Parasite,Carvacrol,High,6,4,1,1
Parasite,Carvacrol,High,6,5,1,1
Parasite,Carvacrol,High,6,6,4,1
Parasite,Carvacrol,High,6,7,8,1
Parasite,Carvacrol,High,6,8,8,1
Parasite,Carvacrol,High,6,9,8,1
Parasite,Carvacrol,High,6,10,8,1
Parasite,Carvacrol,High,6,11,8,1
Parasite,Carvacrol,High,6,12,8,1
Parasite,Carvacrol,High,6,13,8,1
Parasite,Carvacrol,High,6,14,8,1
Parasite,Carvacrol,Low,1,1,1,1
Parasite,Carvacrol,Low,1,2,1,1
Parasite,Carvacrol,Low,1,3,8,1
Parasite,Carvacrol,Low,1,4,8,1
Parasite,Carvacrol,Low,1,5,8,1
Parasite,Carvacrol,Low,1,6,8,1
Parasite,Carvacrol,Low,1,7,8,1
Parasite,Carvacrol,Low,1,8,8,1
Parasite,Carvacrol,Low,1,9,8,1
Parasite,Carvacrol,Low,1,10,11,0
Parasite,Carvacrol,Low,1,11,11,0
Parasite,Carvacrol,Low,1,12,11,0
Parasite,Carvacrol,Low,1,13,11,0
Parasite,Carvacrol,Low,1,14,11,0
Parasite,Carvacrol,Low,2,1,1,1
Parasite,Carvacrol,Low,2,2,1,1
Parasite,Carvacrol,Low,2,3,1,1
Parasite,Carvacrol,Low,2,4,1,1
Parasite,Carvacrol,Low,2,5,1,1
Parasite,Carvacrol,Low,2,6,8,1
Parasite,Carvacrol,Low,2,7,8,1
Parasite,Carvacrol,Low,2,8,8,1
Parasite,Carvacrol,Low,2,9,8,1
Parasite,Carvacrol,Low,2,10,8,1
Parasite,Carvacrol,Low,2,11,8,1
Parasite,Carvacrol,Low,2,12,8,1
Parasite,Carvacrol,Low,2,13,10,1
Parasite,Carvacrol,Low,2,14,11,0
Parasite,Carvacrol,Low,3,1,2,1
Parasite,Carvacrol,Low,3,2,8,1
Parasite,Carvacrol,Low,3,3,8,1
Parasite,Carvacrol,Low,3,4,8,1
Parasite,Carvacrol,Low,3,5,8,1
Parasite,Carvacrol,Low,3,6,8,1
Parasite,Carvacrol,Low,3,7,8,1
Parasite,Carvacrol,Low,3,8,8,1
Parasite,Carvacrol,Low,3,9,15,1
Parasite,Carvacrol,Low,3,10,11,0
Parasite,Carvacrol,Low,3,11,11,0
Parasite,Carvacrol,Low,3,12,11,0
Parasite,Carvacrol,Low,3,13,11,0
Parasite,Carvacrol,Low,3,14,11,0
Parasite,Carvacrol,Low,4,1,8,1
Parasite,Carvacrol,Low,4,2,8,1
Parasite,Carvacrol,Low,4,3,8,1
Parasite,Carvacrol,Low,4,4,8,1
Parasite,Carvacrol,Low,4,5,8,1
Parasite,Carvacrol,Low,4,6,8,1
Parasite,Carvacrol,Low,4,7,8,1
Parasite,Carvacrol,Low,4,8,14,1
Parasite,Carvacrol,Low,4,9,11,0
Parasite,Carvacrol,Low,4,10,11,0
Parasite,Carvacrol,Low,4,11,11,0
Parasite,Carvacrol,Low,4,12,11,0
Parasite,Carvacrol,Low,4,13,11,0
Parasite,Carvacrol,Low,4,14,11,0
Parasite,Carvacrol,Low,5,1,1,1
Parasite,Carvacrol,Low,5,2,5,1
Parasite,Carvacrol,Low,5,3,8,1
Parasite,Carvacrol,Low,5,4,8,1
Parasite,Carvacrol,Low,5,5,8,1
Parasite,Carvacrol,Low,5,6,8,1
Parasite,Carvacrol,Low,5,7,8,1
Parasite,Carvacrol,Low,5,8,8,1
Parasite,Carvacrol,Low,5,9,8,1
Parasite,Carvacrol,Low,5,10,10,1
Parasite,Carvacrol,Low,5,11,12,1
Parasite,Carvacrol,Low,5,12,15,1
Parasite,Carvacrol,Low,5,13,11,0
Parasite,Carvacrol,Low,5,14,11,0
Parasite,Carvacrol,Low,6,1,8,1
Parasite,Carvacrol,Low,6,2,8,1
Parasite,Carvacrol,Low,6,3,8,1
Parasite,Carvacrol,Low,6,4,8,1
Parasite,Carvacrol,Low,6,5,8,1
Parasite,Carvacrol,Low,6,6,8,1
Parasite,Carvacrol,Low,6,7,8,1
Parasite,Carvacrol,Low,6,8,12,1
Parasite,Carvacrol,Low,6,9,14,1
Parasite,Carvacrol,Low,6,10,11,0
Parasite,Carvacrol,Low,6,11,11,0
Parasite,Carvacrol,Low,6,12,11,0
Parasite,Carvacrol,Low,6,13,11,0
Parasite,Carvacrol,Low,6,14,11,0
Parasite,Eugenol,High,1,1,6,1
Parasite,Eugenol,High,1,2,6,1
Parasite,Eugenol,High,1,3,7,1
Parasite,Eugenol,High,1,4,8,1
Parasite,Eugenol,High,1,5,8,1
Parasite,Eugenol,High,1,6,8,1
Parasite,Eugenol,High,1,7,8,1
Parasite,Eugenol,High,1,8,8,1
Parasite,Eugenol,High,1,9,8,1
Parasite,Eugenol,High,1,10,8,1
Parasite,Eugenol,High,1,11,9,1
Parasite,Eugenol,High,1,12,9,1
Parasite,Eugenol,High,1,13,9,1
Parasite,Eugenol,High,1,14,9,1
Parasite,Eugenol,High,2,1,1,1
Parasite,Eugenol,High,2,2,7,1
Parasite,Eugenol,High,2,3,8,1
Parasite,Eugenol,High,2,4,8,1
Parasite,Eugenol,High,2,5,8,1
Parasite,Eugenol,High,2,6,8,1
Parasite,Eugenol,High,2,7,8,1
Parasite,Eugenol,High,2,8,8,1
Parasite,Eugenol,High,2,9,8,1
Parasite,Eugenol,High,2,10,11,0
Parasite,Eugenol,High,2,11,11,0
Parasite,Eugenol,High,2,12,11,0
Parasite,Eugenol,High,2,13,11,0
Parasite,Eugenol,High,2,14,11,0
Parasite,Eugenol,High,3,1,1,1
Parasite,Eugenol,High,3,2,8,1
Parasite,Eugenol,High,3,3,8,1
Parasite,Eugenol,High,3,4,8,1
Parasite,Eugenol,High,3,5,8,1
Parasite,Eugenol,High,3,6,8,1
Parasite,Eugenol,High,3,7,8,1
Parasite,Eugenol,High,3,8,8,1
Parasite,Eugenol,High,3,9,11,1
Parasite,Eugenol,High,3,10,11,1
Parasite,Eugenol,High,3,11,15,1
Parasite,Eugenol,High,3,12,11,0
Parasite,Eugenol,High,3,13,11,0
Parasite,Eugenol,High,3,14,11,0
Parasite,Eugenol,High,4,1,1,1
Parasite,Eugenol,High,4,2,8,1
Parasite,Eugenol,High,4,3,8,1
Parasite,Eugenol,High,4,4,8,1
Parasite,Eugenol,High,4,5,8,1
Parasite,Eugenol,High,4,6,8,1
Parasite,Eugenol,High,4,7,8,1
Parasite,Eugenol,High,4,8,8,1
Parasite,Eugenol,High,4,9,9,1
Parasite,Eugenol,High,4,10,9,1
Parasite,Eugenol,High,4,11,10,1
Parasite,Eugenol,High,4,12,10,1
Parasite,Eugenol,High,4,13,11,1
Parasite,Eugenol,High,4,14,11,0
Parasite,Eugenol,High,5,1,2,1
Parasite,Eugenol,High,5,2,8,1
Parasite,Eugenol,High,5,3,8,1
Parasite,Eugenol,High,5,4,8,1
Parasite,Eugenol,High,5,5,8,1
Parasite,Eugenol,High,5,6,8,1
Parasite,Eugenol,High,5,7,8,1
Parasite,Eugenol,High,5,8,8,1
Parasite,Eugenol,High,5,9,13,1
Parasite,Eugenol,High,5,10,13,1
Parasite,Eugenol,High,5,11,15,1
Parasite,Eugenol,High,5,12,15,1
Parasite,Eugenol,High,5,13,11,0
Parasite,Eugenol,High,5,14,11,0
Parasite,Eugenol,High,6,1,1,1
Parasite,Eugenol,High,6,2,1,1
Parasite,Eugenol,High,6,3,1,1
Parasite,Eugenol,High,6,4,1,1
Parasite,Eugenol,High,6,5,2,1
Parasite,Eugenol,High,6,6,8,1
Parasite,Eugenol,High,6,7,8,1
Parasite,Eugenol,High,6,8,8,1
Parasite,Eugenol,High,6,9,8,1
Parasite,Eugenol,High,6,10,8,1
Parasite,Eugenol,High,6,11,8,1
Parasite,Eugenol,High,6,12,8,1
Parasite,Eugenol,High,6,13,10,1
Parasite,Eugenol,High,6,14,13,1
Parasite,Eugenol,Low,1,1,1,1
Parasite,Eugenol,Low,1,2,2,1
Parasite,Eugenol,Low,1,3,7,1
Parasite,Eugenol,Low,1,4,8,1
Parasite,Eugenol,Low,1,5,8,1
Parasite,Eugenol,Low,1,6,8,1
Parasite,Eugenol,Low,1,7,8,1
Parasite,Eugenol,Low,1,8,8,1
Parasite,Eugenol,Low,1,9,8,1
Parasite,Eugenol,Low,1,10,8,1
Parasite,Eugenol,Low,1,11,11,0
Parasite,Eugenol,Low,1,12,11,0
Parasite,Eugenol,Low,1,13,11,0
Parasite,Eugenol,Low,1,14,11,0
Parasite,Eugenol,Low,2,1,4,1
Parasite,Eugenol,Low,2,2,4,1
Parasite,Eugenol,Low,2,3,5,1
Parasite,Eugenol,Low,2,4,5,1
Parasite,Eugenol,Low,2,5,6,1
Parasite,Eugenol,Low,2,6,6,1
Parasite,Eugenol,Low,2,7,8,1
Parasite,Eugenol,Low,2,8,8,1
Parasite,Eugenol,Low,2,9,8,1
Parasite,Eugenol,Low,2,10,8,1
Parasite,Eugenol,Low,2,11,8,1
Parasite,Eugenol,Low,2,12,8,1
Parasite,Eugenol,Low,2,13,8,1
Parasite,Eugenol,Low,2,14,9,1
Parasite,Eugenol,Low,3,1,8,1
Parasite,Eugenol,Low,3,2,8,1
Parasite,Eugenol,Low,3,3,8,1
Parasite,Eugenol,Low,3,4,8,1
Parasite,Eugenol,Low,3,5,8,1
Parasite,Eugenol,Low,3,6,8,1
Parasite,Eugenol,Low,3,7,8,1
Parasite,Eugenol,Low,3,8,9,1
Parasite,Eugenol,Low,3,9,12,1
Parasite,Eugenol,Low,3,10,13,1
Parasite,Eugenol,Low,3,11,15,1
Parasite,Eugenol,Low,3,12,11,0
Parasite,Eugenol,Low,3,13,11,0
Parasite,Eugenol,Low,3,14,11,0
Parasite,Eugenol,Low,4,1,1,1
Parasite,Eugenol,Low,4,2,1,1
Parasite,Eugenol,Low,4,3,1,1
Parasite,Eugenol,Low,4,4,1,1
Parasite,Eugenol,Low,4,5,5,1
Parasite,Eugenol,Low,4,6,8,1
Parasite,Eugenol,Low,4,7,8,1
Parasite,Eugenol,Low,4,8,8,1
Parasite,Eugenol,Low,4,9,8,1
Parasite,Eugenol,Low,4,10,8,1
Parasite,Eugenol,Low,4,11,8,1
Parasite,Eugenol,Low,4,12,8,1
Parasite,Eugenol,Low,4,13,10,1
Parasite,Eugenol,Low,4,14,10,1
Parasite,Eugenol,Low,5,1,1,1
Parasite,Eugenol,Low,5,2,7,1
Parasite,Eugenol,Low,5,3,7,1
Parasite,Eugenol,Low,5,4,8,1
Parasite,Eugenol,Low,5,5,8,1
Parasite,Eugenol,Low,5,6,8,1
Parasite,Eugenol,Low,5,7,8,1
Parasite,Eugenol,Low,5,8,8,1
Parasite,Eugenol,Low,5,9,8,1
Parasite,Eugenol,Low,5,10,8,1
Parasite,Eugenol,Low,5,11,9,1
Parasite,Eugenol,Low,5,12,13,1
Parasite,Eugenol,Low,5,13,13,1
Parasite,Eugenol,Low,5,14,13,1
Parasite,Eugenol,Low,6,1,3,1
Parasite,Eugenol,Low,6,2,8,1
Parasite,Eugenol,Low,6,3,8,1
Parasite,Eugenol,Low,6,4,8,1
Parasite,Eugenol,Low,6,5,8,1
Parasite,Eugenol,Low,6,6,8,1
Parasite,Eugenol,Low,6,7,8,1
Parasite,Eugenol,Low,6,8,8,1
Parasite,Eugenol,Low,6,9,12,1
Parasite,Eugenol,Low,6,10,13,1
Parasite,Eugenol,Low,6,11,13,1
Parasite,Eugenol,Low,6,12,13,1
Parasite,Eugenol,Low,6,13,13,1
Parasite,Eugenol,Low,6,14,11,0
Parasite,Cinnamaldehyde,High,1,1,1,1
Parasite,Cinnamaldehyde,High,1,2,4,1
Parasite,Cinnamaldehyde,High,1,3,5,1
Parasite,Cinnamaldehyde,High,1,4,6,1
Parasite,Cinnamaldehyde,High,1,5,6,1
Parasite,Cinnamaldehyde,High,1,6,7,1
Parasite,Cinnamaldehyde,High,1,7,7,1
Parasite,Cinnamaldehyde,High,1,8,7,1
Parasite,Cinnamaldehyde,High,1,9,7,1
Parasite,Cinnamaldehyde,High,1,10,8,1
Parasite,Cinnamaldehyde,High,1,11,8,1
Parasite,Cinnamaldehyde,High,1,12,8,1
Parasite,Cinnamaldehyde,High,1,13,8,1
Parasite,Cinnamaldehyde,High,1,14,8,1
Parasite,Cinnamaldehyde,High,2,1,2,1
Parasite,Cinnamaldehyde,High,2,2,7,1
Parasite,Cinnamaldehyde,High,2,3,8,1
Parasite,Cinnamaldehyde,High,2,4,8,1
Parasite,Cinnamaldehyde,High,2,5,8,1
Parasite,Cinnamaldehyde,High,2,6,8,1
Parasite,Cinnamaldehyde,High,2,7,8,1
Parasite,Cinnamaldehyde,High,2,8,8,1
Parasite,Cinnamaldehyde,High,2,9,8,1
Parasite,Cinnamaldehyde,High,2,10,8,1
Parasite,Cinnamaldehyde,High,2,11,11,0
Parasite,Cinnamaldehyde,High,2,12,11,0
Parasite,Cinnamaldehyde,High,2,13,11,0
Parasite,Cinnamaldehyde,High,2,14,11,0
Parasite,Cinnamaldehyde,High,3,1,1,1
Parasite,Cinnamaldehyde,High,3,2,8,1
Parasite,Cinnamaldehyde,High,3,3,8,1
Parasite,Cinnamaldehyde,High,3,4,8,1
Parasite,Cinnamaldehyde,High,3,5,8,1
Parasite,Cinnamaldehyde,High,3,6,8,1
Parasite,Cinnamaldehyde,High,3,7,8,1
Parasite,Cinnamaldehyde,High,3,8,8,1
Parasite,Cinnamaldehyde,High,3,9,8,1
Parasite,Cinnamaldehyde,High,3,10,11,0
Parasite,Cinnamaldehyde,High,3,11,11,0
Parasite,Cinnamaldehyde,High,3,12,11,0
Parasite,Cinnamaldehyde,High,3,13,11,0
Parasite,Cinnamaldehyde,High,3,14,11,0
Parasite,Cinnamaldehyde,High,4,1,6,1
Parasite,Cinnamaldehyde,High,4,2,8,1
Parasite,Cinnamaldehyde,High,4,3,8,1
Parasite,Cinnamaldehyde,High,4,4,8,1
Parasite,Cinnamaldehyde,High,4,5,8,1
Parasite,Cinnamaldehyde,High,4,6,8,1
Parasite,Cinnamaldehyde,High,4,7,8,1
Parasite,Cinnamaldehyde,High,4,8,8,1
Parasite,Cinnamaldehyde,High,4,9,12,1
Parasite,Cinnamaldehyde,High,4,10,11,0
Parasite,Cinnamaldehyde,High,4,11,11,0
Parasite,Cinnamaldehyde,High,4,12,11,0
Parasite,Cinnamaldehyde,High,4,13,11,0
Parasite,Cinnamaldehyde,High,4,14,11,0
Parasite,Cinnamaldehyde,High,5,1,1,1
Parasite,Cinnamaldehyde,High,5,2,8,1
Parasite,Cinnamaldehyde,High,5,3,8,1
Parasite,Cinnamaldehyde,High,5,4,8,1
Parasite,Cinnamaldehyde,High,5,5,8,1
Parasite,Cinnamaldehyde,High,5,6,8,1
Parasite,Cinnamaldehyde,High,5,7,8,1
Parasite,Cinnamaldehyde,High,5,8,8,1
Parasite,Cinnamaldehyde,High,5,9,9,1
Parasite,Cinnamaldehyde,High,5,10,9,1
Parasite,Cinnamaldehyde,High,5,11,12,1
Parasite,Cinnamaldehyde,High,5,12,14,1
Parasite,Cinnamaldehyde,High,5,13,15,1
Parasite,Cinnamaldehyde,High,5,14,11,0
Parasite,Cinnamaldehyde,High,6,1,4,1
Parasite,Cinnamaldehyde,High,6,2,4,1
Parasite,Cinnamaldehyde,High,6,3,8,1
Parasite,Cinnamaldehyde,High,6,4,8,1
Parasite,Cinnamaldehyde,High,6,5,8,1
Parasite,Cinnamaldehyde,High,6,6,8,1
Parasite,Cinnamaldehyde,High,6,7,8,1
Parasite,Cinnamaldehyde,High,6,8,8,1
Parasite,Cinnamaldehyde,High,6,9,8,1
Parasite,Cinnamaldehyde,High,6,10,13,1
Parasite,Cinnamaldehyde,High,6,11,11,0
Parasite,Cinnamaldehyde,High,6,12,11,0
Parasite,Cinnamaldehyde,High,6,13,11,0
Parasite,Cinnamaldehyde,High,6,14,11,0
Parasite,Cinnamaldehyde,Low,1,1,4,1
Parasite,Cinnamaldehyde,Low,1,2,5,1
Parasite,Cinnamaldehyde,Low,1,3,8,1
Parasite,Cinnamaldehyde,Low,1,4,8,1
Parasite,Cinnamaldehyde,Low,1,5,8,1
Parasite,Cinnamaldehyde,Low,1,6,8,1
Parasite,Cinnamaldehyde,Low,1,7,8,1
Parasite,Cinnamaldehyde,Low,1,8,8,1
Parasite,Cinnamaldehyde,Low,1,9,8,1
Parasite,Cinnamaldehyde,Low,1,10,10,1
Parasite,Cinnamaldehyde,Low,1,11,13,1
Parasite,Cinnamaldehyde,Low,1,12,11,0
Parasite,Cinnamaldehyde,Low,1,13,11,0
Parasite,Cinnamaldehyde,Low,1,14,11,0
Parasite,Cinnamaldehyde,Low,2,1,8,1
Parasite,Cinnamaldehyde,Low,2,2,8,1
Parasite,Cinnamaldehyde,Low,2,3,8,1
Parasite,Cinnamaldehyde,Low,2,4,8,1
Parasite,Cinnamaldehyde,Low,2,5,8,1
Parasite,Cinnamaldehyde,Low,2,6,8,1
Parasite,Cinnamaldehyde,Low,2,7,8,1
Parasite,Cinnamaldehyde,Low,2,8,15,1
Parasite,Cinnamaldehyde,Low,2,9,11,0
Parasite,Cinnamaldehyde,Low,2,10,11,0
Parasite,Cinnamaldehyde,Low,2,11,11,0
Parasite,Cinnamaldehyde,Low,2,12,11,0
Parasite,Cinnamaldehyde,Low,2,13,11,0
Parasite,Cinnamaldehyde,Low,2,14,11,0
Parasite,Cinnamaldehyde,Low,3,1,1,1
Parasite,Cinnamaldehyde,Low,3,2,1,1
Parasite,Cinnamaldehyde,Low,3,3,3,1
Parasite,Cinnamaldehyde,Low,3,4,8,1
Parasite,Cinnamaldehyde,Low,3,5,8,1
Parasite,Cinnamaldehyde,Low,3,6,8,1
Parasite,Cinnamaldehyde,Low,3,7,8,1
Parasite,Cinnamaldehyde,Low,3,8,8,1
Parasite,Cinnamaldehyde,Low,3,9,8,1
Parasite,Cinnamaldehyde,Low,3,10,8,1
Parasite,Cinnamaldehyde,Low,3,11,11,0
Parasite,Cinnamaldehyde,Low,3,12,11,0
Parasite,Cinnamaldehyde,Low,3,13,11,0
Parasite,Cinnamaldehyde,Low,3,14,11,0
Parasite,Cinnamaldehyde,Low,4,1,2,1
Parasite,Cinnamaldehyde,Low,4,2,8,1
Parasite,Cinnamaldehyde,Low,4,3,8,1
Parasite,Cinnamaldehyde,Low,4,4,8,1
Parasite,Cinnamaldehyde,Low,4,5,8,1
Parasite,Cinnamaldehyde,Low,4,6,8,1
Parasite,Cinnamaldehyde,Low,4,7,8,1
Parasite,Cinnamaldehyde,Low,4,8,8,1
Parasite,Cinnamaldehyde,Low,4,9,12,1
Parasite,Cinnamaldehyde,Low,4,10,11,0
Parasite,Cinnamaldehyde,Low,4,11,11,0
Parasite,Cinnamaldehyde,Low,4,12,11,0
Parasite,Cinnamaldehyde,Low,4,13,11,0
Parasite,Cinnamaldehyde,Low,4,14,11,0
Parasite,Cinnamaldehyde,Low,5,1,1,1
Parasite,Cinnamaldehyde,Low,5,2,3,1
Parasite,Cinnamaldehyde,Low,5,3,8,1
Parasite,Cinnamaldehyde,Low,5,4,8,1
Parasite,Cinnamaldehyde,Low,5,5,8,1
Parasite,Cinnamaldehyde,Low,5,6,8,1
Parasite,Cinnamaldehyde,Low,5,7,8,1
Parasite,Cinnamaldehyde,Low,5,8,8,1
Parasite,Cinnamaldehyde,Low,5,9,8,1
Parasite,Cinnamaldehyde,Low,5,10,11,0
Parasite,Cinnamaldehyde,Low,5,11,11,0
Parasite,Cinnamaldehyde,Low,5,12,11,0
Parasite,Cinnamaldehyde,Low,5,13,11,0
Parasite,Cinnamaldehyde,Low,5,14,11,0
Parasite,Cinnamaldehyde,Low,6,1,2,1
Parasite,Cinnamaldehyde,Low,6,2,5,1
Parasite,Cinnamaldehyde,Low,6,3,8,1
Parasite,Cinnamaldehyde,Low,6,4,8,1
Parasite,Cinnamaldehyde,Low,6,5,8,1
Parasite,Cinnamaldehyde,Low,6,6,8,1
Parasite,Cinnamaldehyde,Low,6,7,8,1
Parasite,Cinnamaldehyde,Low,6,8,8,1
Parasite,Cinnamaldehyde,Low,6,9,8,1
Parasite,Cinnamaldehyde,Low,6,10,10,1
Parasite,Cinnamaldehyde,Low,6,11,15,1
Parasite,Cinnamaldehyde,Low,6,12,15,1
Parasite,Cinnamaldehyde,Low,6,13,15,1
Parasite,Cinnamaldehyde,Low,6,14,11,0
Parasite,Thymol,High,1,1,6,1
Parasite,Thymol,High,1,2,8,1
Parasite,Thymol,High,1,3,8,1
Parasite,Thymol,High,1,4,8,1
Parasite,Thymol,High,1,5,8,1
Parasite,Thymol,High,1,6,8,1
Parasite,Thymol,High,1,7,8,1
Parasite,Thymol,High,1,8,8,1
Parasite,Thymol,High,1,9,9,1
Parasite,Thymol,High,1,10,9,1
Parasite,Thymol,High,1,11,13,1
Parasite,Thymol,High,1,12,11,0
Parasite,Thymol,High,1,13,11,0
Parasite,Thymol,High,1,14,11,0
Parasite,Thymol,High,2,1,1,1
Parasite,Thymol,High,2,2,3,1
Parasite,Thymol,High,2,3,8,1
Parasite,Thymol,High,2,4,8,1
Parasite,Thymol,High,2,5,8,1
Parasite,Thymol,High,2,6,8,1
Parasite,Thymol,High,2,7,8,1
Parasite,Thymol,High,2,8,8,1
Parasite,Thymol,High,2,9,8,1
Parasite,Thymol,High,2,10,10,1
Parasite,Thymol,High,2,11,11,0
Parasite,Thymol,High,2,12,11,0
Parasite,Thymol,High,2,13,11,0
Parasite,Thymol,High,2,14,11,0
Parasite,Thymol,High,3,1,1,1
Parasite,Thymol,High,3,2,1,1
Parasite,Thymol,High,3,3,8,1
Parasite,Thymol,High,3,4,8,1
Parasite,Thymol,High,3,5,8,1
Parasite,Thymol,High,3,6,8,1
Parasite,Thymol,High,3,7,8,1
Parasite,Thymol,High,3,8,8,1
Parasite,Thymol,High,3,9,8,1
Parasite,Thymol,High,3,10,11,1
Parasite,Thymol,High,3,11,13,1
Parasite,Thymol,High,3,12,11,0
Parasite,Thymol,High,3,13,11,0
Parasite,Thymol,High,3,14,11,0
Parasite,Thymol,High,4,1,1,1
Parasite,Thymol,High,4,2,3,1
Parasite,Thymol,High,4,3,8,1
Parasite,Thymol,High,4,4,8,1
Parasite,Thymol,High,4,5,8,1
Parasite,Thymol,High,4,6,8,1
Parasite,Thymol,High,4,7,8,1
Parasite,Thymol,High,4,8,8,1
Parasite,Thymol,High,4,9,8,1
Parasite,Thymol,High,4,10,11,1
Parasite,Thymol,High,4,11,11,1
Parasite,Thymol,High,4,12,11,1
Parasite,Thymol,High,4,13,13,1
Parasite,Thymol,High,4,14,13,1
Parasite,Thymol,High,5,1,1,1
Parasite,Thymol,High,5,2,1,1
Parasite,Thymol,High,5,3,3,1
Parasite,Thymol,High,5,4,8,1
Parasite,Thymol,High,5,5,8,1
Parasite,Thymol,High,5,6,8,1
Parasite,Thymol,High,5,7,8,1
Parasite,Thymol,High,5,8,8,1
Parasite,Thymol,High,5,9,8,1
Parasite,Thymol,High,5,10,8,1
Parasite,Thymol,High,5,11,13,1
Parasite,Thymol,High,5,12,11,0
Parasite,Thymol,High,5,13,11,0
Parasite,Thymol,High,5,14,11,0
Parasite,Thymol,High,6,1,1,1
Parasite,Thymol,High,6,2,1,1
Parasite,Thymol,High,6,3,1,1
Parasite,Thymol,High,6,4,1,1
Parasite,Thymol,High,6,5,3,1
Parasite,Thymol,High,6,6,6,1
Parasite,Thymol,High,6,7,8,1
Parasite,Thymol,High,6,8,8,1
Parasite,Thymol,High,6,9,8,1
Parasite,Thymol,High,6,10,8,1
Parasite,Thymol,High,6,11,8,1
Parasite,Thymol,High,6,12,8,1
Parasite,Thymol,High,6,13,8,1
Parasite,Thymol,High,6,14,12,1
Parasite,Thymol,Low,1,1,8,1
Parasite,Thymol,Low,1,2,8,1
Parasite,Thymol,Low,1,3,8,1
Parasite,Thymol,Low,1,4,8,1
Parasite,Thymol,Low,1,5,8,1
Parasite,Thymol,Low,1,6,8,1
Parasite,Thymol,Low,1,7,8,1
Parasite,Thymol,Low,1,8,10,1
Parasite,Thymol,Low,1,9,11,0
Parasite,Thymol,Low,1,10,11,0
Parasite,Thymol,Low,1,11,11,0
Parasite,Thymol,Low,1,12,11,0
Parasite,Thymol,Low,1,13,11,0
Parasite,Thymol,Low,1,14,11,0
Parasite,Thymol,Low,2,1,1,1
Parasite,Thymol,Low,2,2,8,1
Parasite,Thymol,Low,2,3,8,1
Parasite,Thymol,Low,2,4,8,1
Parasite,Thymol,Low,2,5,8,1
Parasite,Thymol,Low,2,6,8,1
Parasite,Thymol,Low,2,7,8,1
Parasite,Thymol,Low,2,8,8,1
Parasite,Thymol,Low,2,9,12,1
Parasite,Thymol,Low,2,10,11,0
Parasite,Thymol,Low,2,11,11,0
Parasite,Thymol,Low,2,12,11,0
Parasite,Thymol,Low,2,13,11,0
Parasite,Thymol,Low,2,14,11,0
Parasite,Thymol,Low,3,1,1,1
Parasite,Thymol,Low,3,2,1,1
Parasite,Thymol,Low,3,3,2,1
Parasite,Thymol,Low,3,4,4,1
Parasite,Thymol,Low,3,5,8,1
Parasite,Thymol,Low,3,6,8,1
Parasite,Thymol,Low,3,7,8,1
Parasite,Thymol,Low,3,8,8,1
Parasite,Thymol,Low,3,9,8,1
Parasite,Thymol,Low,3,10,8,1
Parasite,Thymol,Low,3,11,8,1
Parasite,Thymol,Low,3,12,13,1
Parasite,Thymol,Low,3,13,11,0
Parasite,Thymol,Low,3,14,11,0
Parasite,Thymol,Low,4,1,1,1
Parasite,Thymol,Low,4,2,1,1
Parasite,Thymol,Low,4,3,1,1
Parasite,Thymol,Low,4,4,1,1
Parasite,Thymol,Low,4,5,1,1
Parasite,Thymol,Low,4,6,1,1
Parasite,Thymol,Low,4,7,1,1
Parasite,Thymol,Low,4,8,7,1
Parasite,Thymol,Low,4,9,8,1
Parasite,Thymol,Low,4,10,8,1
Parasite,Thymol,Low,4,11,8,1
Parasite,Thymol,Low,4,12,8,1
Parasite,Thymol,Low,4,13,8,1
Parasite,Thymol,Low,4,14,8,1
Parasite,Thymol,Low,5,1,1,1
Parasite,Thymol,Low,5,2,1,1
Parasite,Thymol,Low,5,3,1,1
Parasite,Thymol,Low,5,4,7,1
Parasite,Thymol,Low,5,5,8,1
Parasite,Thymol,Low,5,6,8,1
Parasite,Thymol,Low,5,7,8,1
Parasite,Thymol,Low,5,8,8,1
Parasite,Thymol,Low,5,9,8,1
Parasite,Thymol,Low,5,10,8,1
Parasite,Thymol,Low,5,11,8,1
Parasite,Thymol,Low,5,12,15,1
Parasite,Thymol,Low,5,13,11,0
Parasite,Thymol,Low,5,14,11,0
Parasite,Thymol,Low,6,1,1,1
Parasite,Thymol,Low,6,2,1,1
Parasite,Thymol,Low,6,3,1,1
Parasite,Thymol,Low,6,4,8,1
Parasite,Thymol,Low,6,5,8,1
Parasite,Thymol,Low,6,6,8,1
Parasite,Thymol,Low,6,7,8,1
Parasite,Thymol,Low,6,8,8,1
Parasite,Thymol,Low,6,9,8,1
Parasite,Thymol,Low,6,10,8,1
Parasite,Thymol,Low,6,11,10,1
Parasite,Thymol,Low,6,12,11,0
Parasite,Thymol,Low,6,13,11,0
Parasite,Thymol,Low,6,14,11,0
Parasite,None,0,1,1,6,1
Parasite,None,0,1,2,8,1
Parasite,None,0,1,3,8,1
Parasite,None,0,1,4,8,1
Parasite,None,0,1,5,8,1
Parasite,None,0,1,6,8,1
Parasite,None,0,1,7,8,1
Parasite,None,0,1,8,8,1
Parasite,None,0,1,9,11,0
Parasite,None,0,1,10,11,0
Parasite,None,0,1,11,11,0
Parasite,None,0,1,12,11,0
Parasite,None,0,1,13,11,0
Parasite,None,0,1,14,11,0
Parasite,None,0,2,1,4,1
Parasite,None,0,2,2,7,1
Parasite,None,0,2,3,8,1
Parasite,None,0,2,4,8,1
Parasite,None,0,2,5,8,1
Parasite,None,0,2,6,8,1
Parasite,None,0,2,7,8,1
Parasite,None,0,2,8,8,1
Parasite,None,0,2,9,8,1
Parasite,None,0,2,10,9,1
Parasite,None,0,2,11,9,1
Parasite,None,0,2,12,10,1
Parasite,None,0,2,13,11,0
Parasite,None,0,2,14,11,0
Parasite,None,0,3,1,2,1
Parasite,None,0,3,2,7,1
Parasite,None,0,3,3,8,1
Parasite,None,0,3,4,8,1
Parasite,None,0,3,5,8,1
Parasite,None,0,3,6,8,1
Parasite,None,0,3,7,8,1
Parasite,None,0,3,8,8,1
Parasite,None,0,3,9,8,1
Parasite,None,0,3,10,11,0
Parasite,None,0,3,11,11,0
Parasite,None,0,3,12,11,0
Parasite,None,0,3,13,11,0
Parasite,None,0,3,14,11,0
Parasite,None,0,4,1,3,1
Parasite,None,0,4,2,8,1
Parasite,None,0,4,3,8,1
Parasite,None,0,4,4,8,1
Parasite,None,0,4,5,8,1
Parasite,None,0,4,6,8,1
Parasite,None,0,4,7,8,1
Parasite,None,0,4,8,8,1
Parasite,None,0,4,9,10,1
Parasite,None,0,4,10,11,0
Parasite,None,0,4,11,11,0
Parasite,None,0,4,12,11,0
Parasite,None,0,4,13,11,0
Parasite,None,0,4,14,11,0
Parasite,None,0,5,1,1,1
Parasite,None,0,5,2,4,1
Parasite,None,0,5,3,8,1
Parasite,None,0,5,4,8,1
Parasite,None,0,5,5,8,1
Parasite,None,0,5,6,8,1
Parasite,None,0,5,7,8,1
Parasite,None,0,5,8,8,1
Parasite,None,0,5,9,8,1
Parasite,None,0,5,10,11,1
Parasite,None,0,5,11,12,1
Parasite,None,0,5,12,11,0
Parasite,None,0,5,13,11,0
Parasite,None,0,5,14,11,0
Parasite,None,0,6,1,6,1
Parasite,None,0,6,2,8,1
Parasite,None,0,6,3,8,1
Parasite,None,0,6,4,8,1
Parasite,None,0,6,5,8,1
Parasite,None,0,6,6,8,1
Parasite,None,0,6,7,8,1
Parasite,None,0,6,8,8,1
Parasite,None,0,6,9,13,1
Parasite,None,0,6,10,13,1
Parasite,None,0,6,11,11,0
Parasite,None,0,6,12,11,0
Parasite,None,0,6,13,11,0
Parasite,None,0,6,14,11,0
Sham,None,0,1,1,3,1
Sham,None,0,1,2,3,1
Sham,None,0,1,3,8,1
Sham,None,0,1,4,8,1
Sham,None,0,1,5,8,1
Sham,None,0,1,6,8,1
Sham,None,0,1,7,8,1
Sham,None,0,1,8,8,1
Sham,None,0,1,9,8,1
Sham,None,0,1,10,9,1
Sham,None,0,1,11,12,1
Sham,None,0,1,12,13,1
Sham,None,0,1,13,13,1
Sham,None,0,1,14,14,1
Sham,None,0,2,1,8,1
Sham,None,0,2,2,8,1
Sham,None,0,2,3,8,1
Sham,None,0,2,4,8,1
Sham,None,0,2,5,8,1
Sham,None,0,2,6,8,1
Sham,None,0,2,7,8,1
Sham,None,0,2,8,14,1
Sham,None,0,2,9,11,0
Sham,None,0,2,10,11,0
Sham,None,0,2,11,11,0
Sham,None,0,2,12,11,0
Sham,None,0,2,13,11,0
Sham,None,0,2,14,11,0
Sham,None,0,3,1,3,1
Sham,None,0,3,2,7,1
Sham,None,0,3,3,8,1
Sham,None,0,3,4,8,1
Sham,None,0,3,5,8,1
Sham,None,0,3,6,8,1
Sham,None,0,3,7,8,1
Sham,None,0,3,8,8,1
Sham,None,0,3,9,8,1
Sham,None,0,3,10,11,1
Sham,None,0,3,11,13,1
Sham,None,0,3,12,15,1
Sham,None,0,3,13,11,0
Sham,None,0,3,14,11,0
Sham,None,0,4,1,8,1
Sham,None,0,4,2,8,1
Sham,None,0,4,3,8,1
Sham,None,0,4,4,8,1
Sham,None,0,4,5,8,1
Sham,None,0,4,6,8,1
Sham,None,0,4,7,8,1
Sham,None,0,4,8,9,1
Sham,None,0,4,9,15,1
Sham,None,0,4,10,11,0
Sham,None,0,4,11,11,0
Sham,None,0,4,12,11,0
Sham,None,0,4,13,11,0
Sham,None,0,4,14,11,0
Sham,None,0,5,1,2,1
Sham,None,0,5,2,8,1
Sham,None,0,5,3,8,1
Sham,None,0,5,4,8,1
Sham,None,0,5,5,8,1
Sham,None,0,5,6,8,1
Sham,None,0,5,7,8,1
Sham,None,0,5,8,8,1
Sham,None,0,5,9,12,1
Sham,None,0,5,10,11,0
Sham,None,0,5,11,11,0
Sham,None,0,5,12,11,0
Sham,None,0,5,13,11,0
Sham,None,0,5,14,11,0
Sham,None,0,6,1,1,1
Sham,None,0,6,2,1,1
Sham,None,0,6,3,1,1
Sham,None,0,6,4,8,1
Sham,None,0,6,5,8,1
Sham,None,0,6,6,8,1
Sham,None,0,6,7,8,1
Sham,None,0,6,8,8,1
Sham,None,0,6,9,8,1
Sham,None,0,6,10,8,1
Sham,None,0,6,11,10,1
Sham,None,0,6,12,12,1
Sham,None,0,6,13,11,0
Sham,None,0,6,14,11,0
Parasite,Carvacrol,Low,3,15,11,0
